title,authors,journal,pub_date,doi,pmid,pmcid,topics,source,is_preprint,abstract
Nanopore metagenomic sequencing links clinically relevant resistance determinants to pathogens.,Ürel H; Sauerborn E; Biggel M; Gebhardt F; Foster-Nyarko E; Brugger SD; White RT; Heidelbach S; Albertsen M; Muchaamba F; Reska T; Stevens MJA; Stephan R; Fetherston R; Urban L,Microb Genom,2026-Sep-01,10.1099/mgen.0.001834,42766345,PMC13592730,Antimicrobial Resistance; Long-Read Microbiology; Metagenomics; Bioinformatics Tools,pubmed,False,"Culture-independent metagenomics enables the detection of plasmid-encoded antimicrobial resistance (AMR) genes directly from clinical samples; however, the clinical significance of these genes depends on their bacterial host and genomic context, which metagenomics cannot fully infer. Nanopore sequencing technology intrinsically encodes epigenetic modifications such as methylation, which can be leveraged for plasmid-host associations from metagenomic data. Existing methods rely on the recovery of metagenome-assembled genomes (MAGs), which can introduce bias towards abundant taxa and leave clinically relevant, low-abundance pathogens unassociated. To address this limitation, we extended methylation-based plasmid-host association from the MAG level to individual assembly contigs and sequencing reads. The Contig- and Unassembled-read-based Pathogen Identification and Delineation (CUPID) pipeline implements the calculation of contig and read similarity scores, which compare weighted mean methylation rates across motifs genetically shared between any contig or read pair. We validated this approach on a mock metagenomic community composed of ten carbapenem-resistant Enterobacterales isolates, where we achieved 93.8% accuracy at the contig level and 100% at the read level for carbapenemase plasmid-host associations. When applied to metagenomic and quasimetagenomic data of 16 patient rectal swabs collected during routine hospital surveillance, our approach assigned every detected plasmid-encoded carbapenemase to its correct bacterial host at the contig level, using matched culture-based diagnostics and whole-genome sequencing as the ground truth. Read-level analysis identified additional associations that were missed at the contig level, including a multi-host plasmid confirmed by established diagnostics. These findings demonstrate a pathway from rapid AMR gene detection using metagenomics to actionable surveillance for infection prevention, transmission tracing and outbreak investigation."
"Multidrug resistance, biofilm formation, and pathotype diversity of Escherichia coli isolated from diarrheic lambs in intensive sheep farms, Aksu, Xinjiang, China.",Shi L; Tian W; Xu M; Yu L; Chen X; Cai Q; Xu D; Liu B; Long B; Chen H; Qin H; Han Y; Amantai H; Gu J; Tang M; Zharmukhametova A; Chen J; Li Y,BMC Microbiol,2026-07-25,10.1186/s12866-026-05358-0,42764359,PMC13591691,Antimicrobial Resistance,pubmed,False,"BACKGROUND: Under the One Health framework, the antimicrobial resistance and pathogenicity of Escherichia coli isolated from diarrheic lambs pose a potential threat to public health security. Aksu in Xinjiang is a major intensive mutton sheep breeding base in China. This study aimed to investigate the antimicrobial resistance, virulence gene carriage, biofilm-forming ability, pathotype distribution and phylogenetic group characteristics of E. coli from diarrheic lambs in this region, and analyze their potential correlations.

METHODS: A total of 150 samples were collected from diarrheic lambs in 6 intensive mutton sheep farms. E. coli was isolated and identified via differential media and specific gene detection; the disk diffusion method was used for antimicrobial susceptibility testing. PCR was performed to detect resistance and virulence gene carriage, and E. coli pathotypes were determined based on molecular characteristics. Mouse challenge assay was adopted to evaluate bacterial pathogenicity, crystal violet staining to assess biofilm-forming ability, and PCR to conduct phylogenetic group typing.

RESULTS: A total of 121 E. coli strains were isolated with an isolation rate of 80.7%, including 38.0% multidrug-resistant (MDR) strains and 49.6% pathogenic strains (5 single pathotypes and 7 hybrid pathotypes). Mouse models showed all tested pathogenic strains had pathogenicity. Phylogenetic group analysis showed that group B1 was the predominant phylogroup (76.0%). Moreover, 78.6% of the strains had biofilm-forming ability, and MDR strains exhibited significantly higher biofilm-forming ability than non-MDR strains. The isolated strains harbored abundant resistance and virulence genes, with 13 different types of resistance genes and 18 virulence genes with distinct functions detected in total.

CONCLUSIONS: This is the first systematic report on the diversity characteristics of pathogenic E. coli from diarrheic lambs in intensive sheep farms in Aksu, clarifying the phylogenetic and antimicrobial resistance characteristics of the strains and revealing a significant association between biofilm formation and bacterial resistance. These findings provide a basis for the coordinated management of cross-domain public health risks in underdeveloped regions under the One Health framework, and contribute to the sustainable development of the mutton sheep industry and the safeguard of public health security."
Systematic citywide analysis reveals ecological connectivity of antimicrobial resistance genes across urban water systems.,Liu H; Qi Y; Zhang X; Zhang T; Zhang XX; Ma L,Nat Commun,2026-08-08,10.1038/s41467-026-76356-z,42764294,PMC13590577,Antimicrobial Resistance; Metagenomics,pubmed,False,"Antimicrobial resistance (AMR) in drinking water raises public health concerns, while its anthropogenic sources, transmission dynamics, and health risks remain poorly understood, hindering the development of effective strategies to reduce human exposure. Here we conduct a systematic investigation of anthropogenic contributions to AMR across urban water compartments in a megacity, combining metagenomics and culturomics. We identify 1,309 antibiotic resistance genes (ARGs), and tracking their dynamics across microbial communities and fecal Enterobacteriaceae isolates indicates that ecological connectivity establishes a cascading dissemination pathway: wastewater discharge promotes AMR accumulation in natural water bodies, facilitating its persistence in finished drinking water. Critical human-derived ARGs, primarily conferring resistance to beta-lactams and aminoglycosides, are enriched in clinically relevant pathogens. Further analysis reveals synergistic effects of biotic and abiotic drivers, including horizontal gene transfer (HGT), host proliferation, trace metals, disinfectants, and antibiotic residues, acting with connectivity to drive ARG proliferation. Mechanistic insights reveal that integron-mediated HGT captures and rearranges exogenous ARGs, thereby assembling multi-resistant genetic determinants along connected pathways. We establish a risk prioritization framework integrating dynamics, mobility, pathogenicity and clinical relevance to identify high-risk anthropogenic ARGs. These findings elucidate AMR transmission mechanisms via ecological connectivity, informing targeted interventions to disrupt transmission links and mitigate drinking water risks."
Analysis of Antimicrobial Resistance and Infection Characteristics of Myroides odoratimimus Harboring the bla MOC-1 Metallo-β-Lactamase Gene.,Ding R; Xia G; Tong H,Infect Drug Resist,2026-09-14,10.2147/IDR.S621054,42761903,PMC13588114,Antimicrobial Resistance; Bioinformatics Tools,pubmed,False,"To investigate the drug resistance genotype and phenotypic characteristics of a clinical isolate of Myroides odoratimimus producing metallo-β-lactamase, so as to provide reference for the diagnosis and treatment of similar severe infections in critical care settings. A Gram-negative bacillus isolated from blood cultures of an elderly patient with severe bloodstream infection was identified using the Vitek 2 Compact system combined with 16S rRNA gene sequencing. Antimicrobial susceptibility testing was performed using the broth microdilution method to determine minimum inhibitory concentrations (MICs). Metallo-β-lactamase phenotype was identified by the modified carbapenem inactivation method (mCIM) combined with the EDTA-modified carbapenem inactivation method (eCIM). The isolate was identified as Myroides odoratimimus. Both mCIM and eCIM tests were positive, confirming the production of metallo-β-lactamase. Whole-genome sequencing and database comparison revealed the presence of the blaMOC-1 gene in this strain, and PCR amplification followed by sequencing of electrophoretic bands yielded a 629-bp blaMOC-1 sequence. Antimicrobial susceptibility testing showed that the isolate exhibited broad-spectrum resistance and was only susceptible to minocycline, doxycycline, levofloxacin, and cefepime. The patient presented with severe septic shock, showed no response to empirical therapy, developed multiple organ injury, and exhibited abnormally elevated biomarkers of inflammation, metabolism, and cardiovascular function. The findings of this study suggest that the blaMOC-1 gene is carried by this strain and is associated with its broad-spectrum antimicrobial resistance characteristics."
"Metallo-β-lactamase-producing Pseudomonas aeruginosa: epidemiology, diagnostic challenges and therapeutic strategies in the era of MDR/XDR resistance.",Imeneo A; Capone A; Antonelli V; Perri V; Petriccione I; Lodi A; Fontana C; Cicalini S,Front Microbiol,2026-09-04,10.3389/fmicb.2026.1924442,42761762,PMC13587234,Antimicrobial Resistance,pubmed,False,"BACKGROUND: The management of multidrug-resistant (MDR) Pseudomonas aeruginosa has evolved from an antibiotic-centric approach to a mechanism-driven paradigm. Among resistance determinants, metallo-β-lactamases (MBLs) represent a critical challenge due to their ability to hydrolyse most β-lactams and their increasing global dissemination within high-risk clones.

METHODS: This narrative review aims to summarize the epidemiology, diagnostic approaches and therapeutic strategies for infections caused by MBL-producing P. aeruginosa, emphasizing a mechanism-based clinical framework. A PubMed-MEDLINE search was conducted up to 1 June 2026 using the terms ""Pseudomonas aeruginosa"", ""carbapenem resistance"", and ""metallo-β-lactamase"". Relevant studies were selected based on the authors' assessment of methodological quality and clinical relevance.

RESULTS: P. aeruginosa exhibits multifactorial resistance involving intrinsic mechanisms (efflux pumps, AmpC overexpression, porin loss), adaptive responses and acquired carbapenemases. MBLs, especially VIM, IMP, and emerging NDM variants, are increasingly associated with carbapenem resistance and epidemic high-risk clones (e.g., ST235, ST111). Global epidemiology shows marked geographic variability in prevalence and molecular types. Diagnostic workup remains challenging due to the coexistence of enzymatic and non-enzymatic mechanisms, requiring integrated use of phenotypic antibiotic susceptibility testing (AST), carbapenemase detection assays, molecular diagnostics, and, in selected cases, whole-genome sequencing (WGS). Among treatment, cefiderocol represents the most evidence-supported option for MBL-producing strains. Aztreonam-based combinations offer an alternative treatment option, provided susceptibility is confirmed by synergy testing. Emerging antimicrobials (e.g., taniborbactam-, xeruborbactam-, and zidebactam-containing regimens) and novel strategies such as bacteriophage therapy are regarded as promising alternatives. Evidence for combination therapy remains limited and should be individualized.

CONCLUSIONS: MBL-producing P. aeruginosa requires an integrated, mechanism-based diagnostic and therapeutic strategy incorporating local epidemiology, rapid diagnostics and optimized antimicrobial selection. Ongoing development of novel agents and precision microbiology tools is expected to further refine clinical management."
Prevalence and Antibiotic Resistance Pattern of Escherichia coli Isolated from Urine Samples of Pediatric Outpatients with Underlying Medical Conditions from Pakistan.,Khan MN; Haroon A; Bilal H,Infect Drug Resist,2026-09-14,10.2147/IDR.S638000,42761617,PMC13588129,Antimicrobial Resistance,pubmed,False,"BACKGROUND: Urinary tract infections (UTIs) caused by Escherichia coli pose a significant health burden in children, particularly in those with underlying medical conditions. The emergence of antimicrobial resistance, including extended-spectrum β-lactamase (ESBL) production and multidrug resistance (MDR), complicates treatment strategies. Data on resistance patterns in this vulnerable population remain limited in low-income and middle-income countries.

METHODS: To determine the prevalence and antibiotic resistance patterns of E. coli isolated from urine samples of pediatric outpatients (1-12 years old) with underlying medical conditions. This hospital-based cross-sectional study was conducted at the Pakistan Institute of Medical Sciences (January 2022-January 2023). Urine samples were collected from 941 pediatric outpatients with documented underlying conditions. E. coli were identified biochemically and molecularly. Antimicrobial susceptibility testing was performed using Kirby-Bauer disc diffusion, with ESBL screening and confirmation.

RESULTS: E. coli was detected in 30.08% (283/941) of samples, which was significantly higher in females than in males (38.1%, p <0.001). ESBL production was detected in 30.4% (86/283) of the isolates and MDR isolates in 18.7% (53/283). The highest rates of resistance were observed against ampicillin (70.3%), cephalexin (60.1%), and trimethoprim-sulfamethoxazole (59.4%). Low resistance was noted to nitrofurantoin (2.8%) and amikacin (1.8%). Age was a significant predictor, with 1-year old children showing 2.1-fold 95% CI: 1.01-4.55) and 3.6‑fold (95% CI: 1.60-8.15) increased odds of ESBL production and MDR, respectively, compared to children aged 6-12 years.

CONCLUSION: High rates of ESBL-producing and MDR E. coli in Pakistani children with underlying conditions underscore the critical need for antimicrobial stewardship and empirical therapy guided by local susceptibility patterns, particularly in younger children."
"Prevalence of Fosfomycin-Resistant Escherichia coli from Livestock, Companion Animals, and the Environment in Japan, and Genomic Characterization of Transferable fos Genes.",Fukuda A; Takeda N; Maeda A; Sato T; Horiuchi M; Suzuki Y; Nakajima C; Usui M,Microb Drug Resist,2026-09-18,10.1177/10766294261489643,42758661,,Antimicrobial Resistance,pubmed,False,"Fosfomycin is a highest priority critically important antimicrobial in medical settings and is approved for use in cattle, fish, and humans in Japan. Breakpoints for fosfomycin differ between the antimicrobial susceptibility test guidelines of the Clinical and Laboratory Standards Institute (CLSI) and the European Committee on Antimicrobial Susceptibility Testing (EUCAST). Although important for public health, information on the prevalence of fosfomycin-resistant bacteria and mobile fosfomycin resistance genes (fos) in bacteria of nonhuman origin remains insufficient. In this study, we investigated Escherichia coli strains isolated from animals (cattle, pigs, chickens, and dogs) and the association of these with environments in Japan to determine the prevalence of fosfomycin-resistant E. coli based on CLSI and EUCAST, as well as fos gene prevalence. Susceptibility testing for fosfomycin was retrospectively conducted in 2,057 E. coli, and fos genes were detected in fosfomycin-resistant E. coli. Whole-genome sequencing of fos-positive E. coli was performed. The resistance rates to fosfomycin according to CLSI and EUCAST guidelines were 0.6% and 11.7%, respectively. The fosA3 gene was detected in three E. coli isolates (from one cow and two dogs) in Japan. Two fosA3-positive strains harbored the blaCTX-M-14 or blaCTX-M-65 gene located on the same plasmids. The genetic structures of fosA3-carrying plasmids were almost identical to those reported in Japan and China. Herein, we report the prevalence of fosfomycin resistance in Japan, including fosfomycin-nonapproved fields, showing that these may serve as reservoirs of fosfomycin-resistant bacteria and fos genes carried on globally disseminated mobile genetic elements."
Optimization of culture read times using full microbiology laboratory automation.,Glover JS; Demarest BB; Foster PJ; Bryant KA,J Clin Microbiol,2026-09-18,10.1128/jcm.00232-26,42757838,,Antimicrobial Resistance,pubmed,False,"UNLABELLED: Clinical microbiology laboratories are increasingly adopting automation to meet testing demands, improve throughput, and accelerate diagnostic turnaround. This study evaluated optimal culture read times using Copan WaspLab microbiology laboratory automation (MLA) to determine if earlier read times affect accuracy and turnaround times as they pertain to microbial identification and antimicrobial susceptibility testing (AST). A total of 374 patient specimens were cultured simultaneously using a conventional incubation method and MLA, with MLA images captured from 10 to 72 h of incubation. Non-urine specimens were ready for workup in over 50% of cases at 16 h, 92% by 24 h, and 100% by 36 h, while 90% of urine cultures were ready for workup by 16 h. Using frozen isolates (127 gram-positive bacteria, 83 gram-negative bacteria, and 12 yeasts), we further evaluated the accuracy of MALDI-TOF identification and AST results for cultures incubated for 10 h and 16 h in MLA. Identification accuracy remained high across all groups, with gram-negative bacteria achieving 98.8% accuracy at 10 h and 97.6% at 16 h, gram-positive bacteria showing 97.6% accuracy at 10 h and 98.4% at 16 h, and yeasts demonstrating 91.6% accuracy at 10 h and 100% at 16 h of incubation, respectively. AST results using cultures at both time points demonstrated essential agreement above 90% for most drugs on Vitek 2 GN-807N, GP75, and ST02 AST cards. Minor and major errors were rare; however, elevated error rates were observed for specific drugs (e.g., cefazolin, piperacillin/tazobactam, nitrofurantoin, and linezolid), largely due to a limited number of susceptible isolates and breakpoint-related challenges. MLA enables earlier culture reads while maintaining ID and AST accuracy.

IMPORTANCE: Microbiology laboratory automation (MLA) is increasingly used to address rising test volumes and workforce limitations; however, optimal incubation durations for automated workflows are not well defined. In this study, we demonstrate that cultures from a range of specimen types can be reliably read as early as 16 h and finalized by 36 h without compromising organism identification or antimicrobial susceptibility testing accuracy compared to conventional incubation. These findings support the use of earlier culture read time points in MLA workflows, enabling faster turnaround of clinically actionable results. Implementation of optimized incubation times has the potential to improve laboratory efficiency and accelerate patient care decisions while maintaining diagnostic reliability."
Screening of Forsythia suspensa-derived compounds identifies amentoflavone as a ciprofloxacin-potentiating candidate against MRSA.,Fang Y; Yue T; Zhong J; Zheng H; Li F; Jiang L,Front Microbiol,2026-09-03,10.3389/fmicb.2026.1919329,42756262,PMC13582473,Antimicrobial Resistance,pubmed,False,"Methicillin-resistant Staphylococcus aureus (MRSA) remains a clinically important pathogen, and bacterial efflux systems can reduce intracellular antibiotic accumulation and compromise antibacterial efficacy. NorA, a well-studied multidrug efflux pump in S. aureus, is associated with the efflux of fluoroquinolones and fluorescent substrates such as ethidium bromide (EtBr), making it a potential target for antibiotic adjuvant discovery. In this study, 100 PubChem-identifiable Forsythia suspensa (F. suspensa)-derived small molecules were screened against NorA using CB-Dock2 with AutoDock Vina scoring. Amentoflavone (AME), a naturally occurring biflavonoid, was identified as the top-ranked candidate and displayed a predicted binding pose within the NorA transmembrane cavity, with multiple potential interactions involving residues such as Thr336, Arg310, and Ser133. Molecular dynamics simulation performed using GROMACS 2025.4 further supported the dynamic stability of the predicted AME-NorA complex in a membrane-embedded environment. Functionally, AME increased intracellular EtBr-associated fluorescence in MRSA, suggesting altered EtBr-associated intracellular accumulation or efflux-associated activity. Although AME alone showed no evident direct anti-MRSA activity at concentrations up to 512 μg/mL, its combination with ciprofloxacin enhanced ciprofloxacin-mediated inhibition and killing of MRSA. Specifically, AME reduced the minimum inhibitory concentration (MIC) of ciprofloxacin from 1 to 0.5 μg/mL and the minimum bactericidal concentration (MBC) from 2 to 1 μg/mL. These findings suggest that AME may serve as a F. suspensa-derived ciprofloxacin-potentiating candidate against MRSA, potentially associated with altered efflux-related activity. Further studies using NorA genetic models, membrane permeability assays, intracellular ciprofloxacin accumulation assays, and multiple clinical isolates are needed to clarify the target specificity and broader applicability of AME-mediated ciprofloxacin potentiation."
"Antibiotic residues and antimicrobial resistance patterns of bacteria isolated from beef at Ruti Rufura Slaughterhouse, southwestern Uganda.",Tuhamize B; Daniel K,Front Microbiol,2026-09-03,10.3389/fmicb.2026.1952715,42755973,PMC13582246,Antimicrobial Resistance,pubmed,False,"BACKGROUND: Antimicrobial use in livestock contributes to the emergence of antimicrobial-resistant bacteria and the persistence of antimicrobial residues in foods of animal origin. The coexistence of antimicrobial residues and resistant bacteria in beef poses a major food safety and public health concern. However, data on these hazards in Uganda remain limited. This study assessed antibiotic residues and antimicrobial resistance among bacteria isolated from beef marketed in southwestern Uganda.

METHODS: A cross-sectional laboratory-based study was conducted from May to August 2025 using beef samples from 92 randomly selected cattle carcasses at Ruti Rufura Slaughterhouse, Mbarara City, Uganda. Antibiotic residues were screened by agar well diffusion and confirmed for penicillin and oxytetracycline using thin-layer chromatography. Bacterial isolates were identified using standard microbiological methods, and antimicrobial susceptibility was determined by the Kirby-Bauer disk diffusion method according to CLSI guidelines.

RESULTS: Antibiotic residues were detected in 86/92 (93.5%) samples. Thin-layer chromatography confirmed penicillin residues in 84 (97.7%) and oxytetracycline residues in 71 (82.6%) samples, with 73.1% containing both antibiotics. A total of 125 bacterial isolates representing seven genera were recovered, predominantly Proteus spp. (30.4%), Citrobacter spp. (26.4%), and Escherichia coli (16.8%). Among 75 viable isolates, resistance was highest to ampicillin (97.3%), chloramphenicol (86.7%), tetracycline (82.7%), ceftriaxone (57.3%), and ciprofloxacin (54.7%), while gentamicin showed the highest susceptibility (86.7%). Oxytetracycline residues were significantly associated with tetracycline resistance and penicillin residues with ampicillin resistance (both P < 0.001).

CONCLUSION: Beef marketed in southwestern Uganda frequently contains antimicrobial residues and antimicrobial-resistant bacteria, posing a potential food safety risk. Strengthened antimicrobial stewardship, enforcement of withdrawal periods, and integrated surveillance of antimicrobial residues and resistance in foods of animal origin are needed to support One Health efforts against antimicrobial resistance."
Silent carriage of tigecycline- and carbapenem-resistant Klebsiella quasipneumoniae co-harbouring tetX(4) and blaNDM-1 in healthy individuals in China.,Wang J; Yan Z; Shen H; Xin L; Dong H; Sun Y; Li H; Zhang R,Int J Antimicrob Agents,2026-09-17,10.1016/j.ijantimicag.2026.108009,42753832,,Antimicrobial Resistance; Metagenomics,pubmed,False,"OBJECTIVES: To investigate the occurrence and genomic characteristics of tigecycline- and carbapenem-resistant Klebsiella quasipneumoniae isolated from healthy individuals in China.

METHODS: During a nationwide screening programme, faecal samples from healthy community individuals were cultured for carbapenem-resistant Enterobacterales. Antimicrobial susceptibility testing, whole-genome sequencing and conjugation assays were performed for two K. quasipneumoniae isolates co-harbouring tet(X4) and blaNDM-1.

RESULTS: Two K. quasipneumoniae strains carrying tet(X4) and blaNDM-1 were recovered from healthy individuals without recent hospitalisation or antibiotic exposure. Both isolates showed resistance to tigecycline (>8 μg/mL) and carbapenems (≥4 μg/mL). Genomic analysis demonstrated close clonal relatedness between the isolates (ST6460-1LV, KL151). The blaNDM-1 gene was located on an IncX3 plasmid associated with mobile genetic elements, whereas tet(X4) was carried by an IncX1 plasmid. Conjugation assays confirmed successful transfer of both resistance genes, which frequently co-transferred into recipient strains.

CONCLUSIONS: To our knowledge, this is the first report of K. quasipneumoniae co-harbouring tet(X4) and blaNDM-1 in healthy individuals in China. The findings indicate that healthy community populations may serve as a hidden reservoir for last-resort antimicrobial resistance genes and underscore the importance of community-based surveillance within a One Health framework."
"Establishment of epidemiological cut-off values of cefotaxime-sulbactam against Escherichia coli, Klebsiella pneumoniae, Enterobacter cloacae, Proteus mirabilis, Serratia marcescens, Acinetobacter baumannii and Staphylococcus aureus.",Zhou M; Wu Y; Kang W; Yang Q; Zheng B; Hu F; Yu Y; Zhuo C; Zhang G; Zhang J; Li J; Wang T; Gao H; Xu Y,Front Microbiol,2026-09-02,10.3389/fmicb.2026.1866137,42750705,PMC13578078,Antimicrobial Resistance; Bioinformatics Tools,pubmed,False,"OBJECTIVE: To establish the epidemiological cut-off (ECOFF) value of cefotaxime-sulbactam against Escherichia coli, Klebsiella pneumoniae, Enterobacter cloacae, Proteus mirabilis, Serratia marcescens, Acinetobacter baumannii, and Staphylococcus aureus.

METHODS: A total of 1,770 non-duplicate clinical isolates were collected from five laboratories in four cities in China. Minimum inhibitory concentrations (MICs) of cefotaxime-sulbactam were determined independently using the broth microdilution method according to EUCAST standards. For A. baumannii, cefotaxime-sulbactam was tested at a 2:1 ratio, whereas for the other species sulbactam was tested at a fixed concentration of 4 mg/L. ECOFFs were determined using ECOFFinder software and visual estimation following EUCAST principles.

RESULTS: Statistical endpoints at 95%, 97.5%, 99%, 99.5%, and 99.9% were calculated. The final ECOFFs were assigned based on concordance between ECOFFinder-derived estimates and visual inspection, using the 99% endpoint as the primary statistical estimate. The ECOFFs were 0.25/4 mg/L for E. coli and K. pneumoniae; 0.5/4 mg/L for E. cloacae; 0.06/4 mg/L for P. mirabilis; 1/4 mg/L for S. marcescens; 4/4 mg/L for S. aureus; and 4/2 mg/L for A. baumannii.

CONCLUSION: ECOFFs of cefotaxime-sulbactam were established for seven clinically important bacterial species. These results provide essential reference values for distinguishing wild-type from non-wild-type isolates and support future breakpoint-setting and antimicrobial resistance surveillance."
A multinational genomic framework for predicting β-lactam resistance in Haemophilus influenzae.,Deghmane AE; Asmi M; Abel S; Bajanca-Lavado P; Claus H; D'Aeth J; Garcia I; Kiedrowska M; Lam TT; Litt D; Martiny D; Meilleur C; Skoczyńska A; Tzanakaki G; Xirogianni A; Taha MK,J Antimicrob Chemother,2026-Sep-01,10.1093/jac/dkag307,42747902,,Antimicrobial Resistance,pubmed,False,"BACKGROUND: Haemophilus influenzae resistance to β-lactams is mediated by β-lactamase and amino acid alterations in penicillin-binding protein 3 encoded by ftsI gene, which shows incomplete phenotype-genotype concordance.

OBJECTIVES: To develop and evaluate a genomic classification framework to predict clinically relevant β-lactam resistance categories.

METHODS: We analysed 5288 H. influenzae isolates collected in eight European countries and Canada. Among these, 4833 isolates had phenotypic β-lactam susceptibility that were classified into three categories: susceptible to amoxicillin (AMX), resistant to AMX but susceptible to cefotaxime and resistant to both. A 621 bp DNA fragments of the whole ftsI gene (between codons 326 and 532) were analysed to construct category-specific k-mer vocabulary and an allele classifier using Python scripts. Performance was assessed using independent allele validation and agreement with phenotypic classification was evaluated using Cohen's κ coefficient. An additional 455 isolates lacked phenotypic data and were used for external genomic application.

RESULTS: Forty-seven frequent ftsI alleles and 34 additional alleles were used for the implementation and the refinement of the vocabulary. Subsequently, 23 other alleles were used for independent allele validation and resulted in correctly predicted resistance categories for 21 alleles (accuracy 91.3%). Agreement with phenotypic classification was high (Cohen's κ 0.853; weighted κ 0.880). Application of the classifier to 455 UK isolates predicted resistance distributions consistent with those observed in phenotypically characterized datasets.

CONCLUSIONS: A recurrence-filtered k-mer-based vocabulary provides a promising standardized genomic framework that complements phenotypic AST, particularly when phenotypic testing is unavailable, incomplete or heterogeneous."
In silico resistance prediction of oral streptococci to recommended prophylactic antibiotics to prevent infective endocarditis upon dental procedures.,Ceccon Chianca G; Chamon RC; Peixoto de Albuquerque J; Cardoso Corrêa Póvoa H; Faria da Mota F; Lopes Pontes Povoa Iorio N,J Antimicrob Chemother,2026-Sep-01,10.1093/jac/dkag320,42747901,,Antimicrobial Resistance; Bioinformatics Tools,pubmed,False,"BACKGROUND: For over 70 years, guidelines have recommended antibiotics for infective endocarditis (IE) prophylaxis before dental procedures, focusing on oral streptococci.

OBJECTIVES: Our in silico study aimed to evaluate the potential resistance of oral streptococci against prophylactic antibiotics used before invasive dental procedures to prevent IE.

METHODS: The genomic assemblies and metadata of Streptococcus IE isolates were searched using specific terms in BioSample and RefSeq databases. Their antimicrobial resistance phenotypes for 91 drugs belonging to 22 different classes were predicted with ResFinder and analysed regarding the recommended IE dental prophylactic antibiotics, focusing on the oral streptococci assemblies.

RESULTS: Among the 258 Streptococcus isolates dating from 1935 to 2021 from 12 countries, 79.46% were classified as oral streptococci, and 38.37% of the 258 assemblies carried resistance genes to at least one antimicrobial. Seven isolates carried the transposon Tn6331, which can confer resistance to aminoglycosides, macrolides, lincosamides, streptogramins and tetracyclines. Within the oral Streptococcus strains, none carried resistance genes to amoxicillin, but potential resistance to azithromycin (24.88%) and doxycycline (16.59%) was observed.

CONCLUSIONS: Our in silico study showed that none of the oral Streptococcus assemblies from IE carried resistance genes to the primary regimen recommended for IE prophylaxis following invasive dental procedures. However, several assemblies were potentially resistant to alternative prophylactic regimens for patients allergic to penicillin or ampicillin."
In vitro activity of zosurabalpin against a global set of carbapenem-resistant-A. baumannii clinical isolates.,Mancini S; Seth-Smith HMB; Haldimann K; Moran-Gilad J; Aktas E; Güneş Ö; Mama Hussen M; Willcox M; Shahzad S; Syed MA; Kolesnik-Goldmann N; Roloff T; Nolte O; Egli A,Antimicrob Agents Chemother,2026-09-16,10.1128/aac.00727-26,42747471,,Antimicrobial Resistance,pubmed,False,"The limited treatment options for carbapenem-resistant Acinetobacter baumannii (CRAB)-invasive infections highlight the urgent need for novel therapeutic agents. Zosurabalpin is a first-in-class tethered macrocyclic-peptide targeting the LptB₂FGC-complex. In this study, we evaluated the in vitro activity of zosurabalpin a1gainst a diverse global set of CRAB clinical isolates. We compared zosurabalpin's activity with currently available antibiotics, including colistin, cefiderocol, sulbactam-durlobactam, as well as rifabutin. Additionally, we assessed different AST methods to support reliable zosurabalpin susceptibility testing. We included a total of 304 CRAB clinical isolates from Switzerland, Israel, Turkey, Ethiopia, Pakistan, and Australia. Among them, 297 carried plasmid-borne-carbapenemases (236 OXA-type-producers, 60 NDM-type-producers alone or in combination with OXA-type-carbapenemases, and 1 GES-14-producer), 3 were GES-ESBL-producers, and 4 isolates were without acquired ESBL/carbapenemases. We determined zosurabalpin minimal inhibitory concentrations (MICs) by broth microdilution using cation-adjusted Mueller-Hinton broth (CA-MHB) supplemented with 20% heat-inactivated horse serum, in accordance with CLSI recommendations, as well as using plain CA-MHB, with reading at substantial reduction (80% growth inhibition). We determined MICs of the remaining antibiotics according to EUCAST methods: colistin and sulbactam-durlobactam (with fixed durlobactam concentration of 4 mg/L) with CA-MHB, cefiderocol with iron-depleted CA-MHB, and rifabutin with RPMI. The zosurabalpin MIC distribution using the CLSI-based method ranged from ≤0.032 to 2 mg/L (MIC90 = 0.5 mg/L), with no CRAB isolates showing MICs displaying MICs suggestive of high-level acquired resistance. A single isolate with MIC = 2 mg/L harbored a 13-amino-acid deletion in lptD (position 692), potentially affecting outer-membrane LPS biogenesis. MIC90 values for cefiderocol, sulbactam-durlobactam, colistin, and rifabutin were 8, 16, 1, and 2 mg/L, respectively. Zosurabalpin showed no cross-resistance with any of the tested antimicrobials. Zosurabalpin MICs in CRAB isolates were generally low, including metallo-β-lactamase-producing-CRAB. The low MICs show a high potential to overcome current treatment limitations; however, mutations in lptD may contribute to resistance emergence and should be further studied."
Deciphering the genomic landscape of Trichophyton indotineae in China and exploring a correlative model for azole resistance prediction.,Xu H; Mao Y; Hu Y; Huang J; Chen W; Lu L,Microb Genom,2026-Sep-01,10.1099/mgen.0.001812,42747433,PMC13580827,Antimicrobial Resistance,pubmed,False,"Background. Trichophyton indotineae is an emerging multidrug-resistant dermatophyte that has rapidly spread across continents, posing a serious threat to global public health. Limited genomic data from mainland China hinder a comprehensive understanding of its evolutionary origin, underscoring the urgent need for molecular susceptibility data to guide clinical antifungal therapy. To clarify the evolutionary origin and genome-wide characteristics of three newly identified clinical isolates of T. indotineae from Fujian Province, China, we sequenced these isolates to a mean coverage of 1,300× using the Salus Pro sequencing platform and delineated a comprehensive genomic portrait. Additionally, a linear regression model was constructed between the copy-number variation (CNV) of the CYP51B gene and the minimum inhibitory concentration (MIC) values of four antifungal agents to achieve molecular susceptibility prediction for T. indotineae. Finally, functional annotation and Kyoto Encyclopedia of Genes and Genomes (KEGG) pathway analyses were employed to identify virulence-associated genes and pathways. Three T. indotineae isolates recovered in Xiamen, Fujian Province, China, fell into two distinct phylogenetic clades (Group II and Group IV). Notably, genome-wide scanning identified CYP51B CNV and the SQLE p.Phe397Leu mutation as the most prominent genomic determinants associated with azole and terbinafine (TRB) resistance, respectively. Structural modelling provided mechanistic support at the protein level for the functional impact of this mutation, revealing that the SQLE F397 substitution triggers a collapse of the hydrophobic binding pocket, thereby hindering TRB binding. Furthermore, a linear regression model was established to achieve molecular susceptibility prediction, showing a robust correlation between the CYP51B CNV and the MIC values of four azoles (P<0.05). Core-gene analysis against the reference genome identified a shared core genome. KEGG pathway analysis revealed the biological pathways where virulence genes are located, including the MAPK signalling pathway and the O-glycan biosynthesis pathway, which suggests potential pathogenic mechanisms. The study delineates the genomic landscape of T. indotineae isolates from China and demonstrates a stepwise elevation in azole MICs. The linear regression model reveals a significant positive correlation between CYP51B CNV and MIC values for four azoles, thereby advancing the CNV-resistance association from a qualitative observation to a quantitative prediction. These insights enhance the global understanding of the pathogen's genomic epidemiology and virulence, establishing a critical foundation for genome-guided surveillance and individualized antifungal therapy."
Prophage and metabolic determinants of Staphylococcus aureus survival to vancomycin identified via TraDIS screening.,Zborowsky S; Łapińska U; O'Neill PA; Farbos A; Jeffries AR; Ba X; Holmes MA; Laabei M; Zhang B; Blaskovich MAT; Grant A; Pagliara S,mSystems,2026-09-16,10.1128/msystems.00734-26,42747188,,Antimicrobial Resistance,pubmed,False,"Reduced vancomycin susceptibility phenotypes in Staphylococcus aureus contribute to treatment failure, yet the genetic determinants of survival under inhibitory vancomycin exposure remain incompletely defined. We performed transposon-directed insertion-site sequencing (TraDIS) on a methicillin-resistant S. aureus (MRSA) ST398 mutant library following exposure to vancomycin at its minimum inhibitory concentration, identifying 52 genes whose disruption was associated with loss of population survival at inhibitory drug concentrations. Prophage-associated loci were the largest functional group, spanning predicted structural and regulatory genes, as well as multiple conserved hypothetical proteins. Targeted testing of defined transposon mutants in a USA300 background confirmed that disruption of selected loci impaired growth under vancomycin exposure. Our results highlight the contribution of diverse physiological processes, including metabolism and stress responses, as well as a prominent role for prophage-associated functions, rather than discrete resistance pathways. Together, these findings indicate that vancomycin tolerance is shaped by the general physiological state of the bacterial cell, including metabolic capacity and stress adaptation.IMPORTANCETreatment failure in Staphylococcus aureus infections often occurs in the absence of known antibiotic resistance determinants, suggesting that additional survival mechanisms influence therapeutic outcomes. In this study, we identify genetic determinants required for survival during inhibitory vancomycin exposure, revealing a broad role for metabolic functions, stress adaptation, and prophage-associated loci. The prominence of these diverse processes highlights that survival reflects global physiological adaptation rather than discrete resistance pathways. This insight underscores the need to consider cellular physiology and stress responses when developing strategies to prevent antibiotic tolerance and improve treatment efficacy."
"""NanoDel"": Identification of large-scale mitochondrial DNA deletions using long-read sequencing.",Fearn C; Poulton J; Fratter C; Oliva C; Griguer C; Baldock RA; Robson SC; McGeehan RE,Bioinformatics,2026-09-15,10.1093/bioinformatics/btag684,42745550,,Antimicrobial Resistance; Long-Read Microbiology; Bioinformatics Tools,pubmed,False,"MOTIVATION: Traditional methods for detecting large-scale mitochondrial DNA (mtDNA) deletions (LSMDs) in cells present challenges, i.e. requiring a priori information, high DNA inputs, and are not always sensitive and/or quantitative. Mitigation can be achieved through high-throughput DNA sequencing using e.g. Illumina and Oxford Nanopore Technologies (ONT), in combination with LSMD breakpoint identification and quantification using bioinformatics. Splice-aware RNA alignment tools increase the sensitivity for detecting LSMD breakpoints compared with DNA aligners. Long-read sequencing (LRS) also offers potential advantages over short-read sequencing (SRS), e.g. greater read lengths and capturing variants on single reads. Here we aimed to capture the benefits of both a splice-aware alignment tool and LRS.

RESULTS: We developed ""NanoDel"", a LRS pipeline, to sensitively and accurately detect cellular LSMDs. Using artificial datasets, ""NanoDel"" was more sensitive and accurate than other pipelines. In samples diagnosed with mitochondrial disease, it identified both known and previously uncharacterised (including mixtures) of LSMDs, without a priori information. Analysis of selected LSMDs revealed proximity to repeat, putative G-quadruplex motifs, and the ""contact zone"". Together with occurrence in a range of healthy and pathological tissues, indicates potential for a shared vulnerability landscape in mtDNA, shaped by sequence motifs and structural constraints. This proof-of-concept study shows that ""NanoDel"" combined with one-amplicon LR-PCR offers a robust strategy for detecting LSMDs across a variety of cell/tissue samples. Applying ""NanoDel"" to a larger and broader range of samples would confirm this, yielding new mechanistic insights into LSMD formation, and further our understanding of mtDNA instability in the future.

AVAILABILITY AND IMPLEMENTATION: ""NanoDel"" is available at https://github.com/uopbioinformatics/NanoDel (DOI: 10.5281/zenodo.20119070) and raw read data are available through the NCBI Sequence Read Archive (SRA) under BioProject accession code PRJNA1369153 (https://www.ncbi.nlm.nih.gov/bioproject/1369153).

SUPPLEMENTARY INFORMATION: Supplementary data are available at Bioinformatics online."
Global genomic surveillance uncovers emergence and spatiotemporal patterns of World Health Organization priority antibiotic resistance in invasive Salmonella.,Pei Y; Yang Z; Pang X; Xiayidan W; Huang M; Meng J; Qiu Y; Wang M; Yang H; Jing C; Zeng M; Liu Y; Wang W; Zhou Y; Ma S; Lyu N; Qu M; Zhao C; Wang J; Chen J; Zhu B; Gao GF; Xu X; Wang Y,Nat Commun,2026-08-18,10.1038/s41467-026-76354-1,42744803,PMC13578455,Antimicrobial Resistance,pubmed,False,"Antimicrobial resistance (AMR) in invasive Salmonella infections remains a global public health concern, and enhanced high-quality genomic surveillance is essential to inform guidelines and policies. Here, we aimed to describe clinically key antibiotic resistance trends in invasive Salmonella infections using 7691 isolates derived from national surveillance and publicly available datasets between 1954 and 2024. 29 (37.7%) of 77 countries identified at least one isolate with resistance or decreased susceptibility to ciprofloxacin, 25 (32.5%) and 29 (37.7%) countries resistance or decreased susceptibility to ceftriaxone and cefixime, 8 (10.4%) countries resistance to azithromycin, 15 (19.5%) countries resistance to fosfomycin, 10 (13.0%) countries resistance to colistin. Overall, 7.39% of 7691 isolates were resistant or decreased susceptibility to ciprofloxacin, 7.91% reported resistance or decreased susceptibility to 3GCs, 4.23% reported resistance to fosfomycin, and 0.79% reported resistance to azithromycin. Globally, azithromycin resistance is increasing, as is resistance or decreased susceptibility to ciprofloxacin, 3GCs, and 4GCs. However, surveillance levels remain inadequate in African and South American regions. We generated a global map of clinically key antibiotic resistance genes in invasive Salmonella infections worldwide. This retrospective, global, longitudinal genomic epidemiology study on invasive Salmonella provides evidence-based data for clinical guidelines, genomic surveillance, AMR control, and public health policies."
The (un)successful global spread of Acinetobacter baumannii ST3.,Abu Sabah E; Lam MMC; Lebreton F; McGann PT; Hamidian M,Microb Genom,2026-Sep-01,10.1099/mgen.0.001819,42742953,PMC13583062,Antimicrobial Resistance,pubmed,False,"Acinetobacter baumannii sequence type 3 (ST3) has been reported in multiple regions but has not achieved the global dominance of major clones such as ST1 and ST2. Here, we analysed 383 ST3 genomes, including 205 isolates from the Multidrug-Resistant Organism Repository and Surveillance Network (MRSN) and 178 publicly available genomes, to investigate the population structure, resistance gene repertoire and evolutionary dynamics of this lineage. Phylogenetic analysis revealed two major clades with multiple subclades, with 82% of genomes linked to the Middle East, highlighting this region as the likely origin or reservoir. Despite detection across 12 countries, ST3 remains relatively uncommon globally, except in Israel where it is locally abundant. Pan-genome analysis revealed a core genome comprising ~42% of total gene content, comparable to other major sequence types. Extensive recombination was observed, including large chromosomal segments, a total of ~350 kb and ~1.2 Mb shared with ST1 and ST2, respectively, as well as recurrent exchanges at the ISAba1-ampC locus. A chromosomal resistance island, designated AbST3GRI, was identified in nearly all genomes and exhibited structural diversity driven by IS26. A total of 132 genomes carried carbapenem resistance genes, predominantly bla OXA-23. However, ST3 genomes contain a relatively limited repertoire of resistance genes compared to globally dominant clones. Despite retaining most key virulence determinants, ST3 has not undergone widespread global expansion. Our findings suggest that, although genetically dynamic and capable of acquiring resistance, the lack of extensive antibiotic resistance gene repertoire may have limited the global success of this lineage."
"Global Antimicrobial Non-Susceptibility Patterns of Streptococcus pneumoniae: A Systematic Literature Review (2014-2023) Stratified by Age, Region, and Infection Type.",Bhuiyan MU; Carter JA; Abbing-Karahagopian V,Infect Drug Resist,2026-09-10,10.2147/IDR.S612712,42741731,PMC13573865,Antimicrobial Resistance,pubmed,False,"Antimicrobial non-susceptibility of Streptococcus pneumoniae is an important global health challenge. While pneumococcal vaccination has significantly lowered the burden of pneumococcal disease, including that caused by antibiotic-resistant strains, non-susceptible S. pneumoniae isolates are still important contributors to morbidity and mortality, complicating treatment. Empiric antibiotic selection for treating pneumococcal disease should consider the local epidemiology and non-susceptibility profile of isolates. To comprehensively characterize the distribution of non-susceptibility to commonly used antibiotics of S. pneumoniae isolates across different age groups, geographical regions and infection types, we conducted a systematic literature review in accordance with PRISMA guidelines. We searched PubMed, Medline, and Embase to retrieve studies published between 2014 and 2023 reporting the proportion of non-susceptible S. pneumoniae isolates detected in patients with pneumococcal disease. Data were analyzed overall and stratified by age groups (pediatric and adult), World Health Organization region, and infection type (any invasive pneumococcal disease, meningitis, bacteremic pneumonia, non-bacteremic pneumonia, bacteremia/septicemia, and acute otitis media). Study quality was assessed using the Newcastle-Ottawa Scale. Due to observed data heterogeneity, meta-analysis was not performed. Of the 1200 publications identified, 128 (113 full-text articles and 15 conference abstracts) were included in the review, comprising antimicrobial susceptibility testing outcomes for >250,000 isolates. Globally, the highest non-susceptibility rates were observed for sulfonamides (52%), macrolides (40%), and lincosamides (30%). Higher rates were reported in the Western Pacific region, with ≥91% of isolates non-susceptible to commonly used antibiotics (lincosamides, tetracyclines, macrolides, and sulfonamides); elevated non-susceptibility to tetracyclines and sulfonamides was also observed in the Southeast Asian region. Non-susceptibility proportions, in general, were higher in the pediatric population than in adults, and they varied markedly by pneumococcal infection type. Up-to-date, stratified information on the non-susceptibility profile of S. pneumoniae isolates causing different types of infection can orient local prescription guidance to use appropriate antibiotics, thereby improving the treatment outcomes and reducing the potential threat of antibiotic resistance."
Ceftolozane/Tazobactam Susceptibility in ESBL-Producing Enterobacterales: Insights from the SMART Program 2020-2022 in China.,Wang Y; Zhang Y; Quan J; Fu Y; Zhou Z; Xia J; Yu Y,Infect Drug Resist,2026-09-10,10.2147/IDR.S624172,42741713,PMC13573848,Antimicrobial Resistance,pubmed,False,"PURPOSE: Surveillance data on ceftolozane/tazobactam (C/T) activity against extended-spectrum β-lactamase-producing Enterobacterales (ESBL-E) in China remains limited. This study summarized species- and source-specific C/T susceptibility patterns using isolates collected through the Study for Monitoring Antimicrobial Resistance Trends (SMART) China program (2020-2022).

METHODS: Non-duplicate Enterobacterales isolates from bloodstream, intra-abdominal, respiratory, and urinary tract infections (BSI, IAI, RTI, UTI) were collected in 18 tertiary hospitals. Minimum inhibitory concentrations (MICs) were determined by broth microdilution and interpreted using CLSI M100 2025. ESBL-E were defined as ceftriaxone-nonsusceptible (i.e, intermediate or resistant) and carbapenem-susceptible Enterobacterales (CSE), with species-specific adjustments for Morganella, Proteus, and Providencia; carbapenem-resistant isolates were analyzed separately. Annual rate was analyzed to reveal the resistance trend from 2020 to 2022.

RESULTS: All Enterobacterales isolates meeting inclusion criteria were analyzed; isolation rate is reported by species for the seven most prevalent, which together comprised 93.5% of isolates; the remaining genera contributed to the aggregate totals. Overall susceptibility of Enterobacterales to C/T was high. Among CSE, susceptibility was 92.2%, with 83.1% in ESBL‑E. By infection site, C/T susceptibility among ESBL‑E was 88.3% in UTI, 85.3% in BSI, 79.9% in RTI, and 77.4% in IAI. Susceptibility was highest in ESBL-Escherichia coli (90.6%) and lower in Klebsiella pneumoniae (72.9%) and Enterobacter cloacae (55.3%). Among ESBL-E, the MIC distribution for C/T was centered at ≤0.5-2 mg/L, corresponding to an overall susceptibility of 83.1%; resistant isolates (MIC ≥8 mg/L) were uncommon (12.4%) but clustered in selected species and sources.

CONCLUSION: C/T susceptibility among ESBL-E was high in E. coli but substantially lower and more variable in K. pneumoniae and E. cloacae; the aggregate order-level susceptibility of 83.1% should not be relied upon to guide empiric therapy when Klebsiella or Enterobacter infection is suspected. Continued surveillance and susceptibility testing are essential to support evidence-based antimicrobial use."
Antifungal resistance and poor clinical outcome rates of Candida auris in mainland China: A systematic review and meta-analysis.,Xu T; Wang R; Gao Y; Yang L,Front Microbiol,2026-08-31,10.3389/fmicb.2026.1888683,42741522,PMC13572796,Antimicrobial Resistance; Bioinformatics Tools,pubmed,False,"OBJECTIVE: This study systematically evaluated the antifungal resistance profile of Candida auris (C. auris) to five antifungal agents in mainland China, and analyzed clinical outcomes in a combined cohort of patients with C. auris colonization or infection. It aims to provide evidence-based references for clinical antifungal management and nosocomial infection prevention and control.

METHODS: Six databases, including PubMed, Web of Science, and Embase, were systematically searched to identify observational studies reporting antifungal susceptibility of C. auris isolates and clinical outcomes of corresponding patients in mainland China. Meta-analysis was adopted to pool the resistance rates and multidrug resistance (MDR) rate of five antifungal agents. Meanwhile, we summarized the overall rate of poor prognosis, in-hospital mortality rate, and rate of clinical deterioration at discharge for patients with detected C. auris. Funnel plots and Egger's test were used to assess publication bias.

RESULTS: C. auris in mainland China exhibited extremely high resistance to fluconazole, with a pooled resistance rate of 98% (95%CI: 93%-100%). Echinocandins maintained favorable overall susceptibility. The resistance rates of caspofungin, micafungin, and anidulafungin were 3% (95%CI: 0%-11%), 2% (95%CI: 0%-4%), and 1% (95%CI: 0%-3%), respectively. The resistance rate of C. auris to amphotericin B was 34% (95%CI: 12%-61%). The pooled MDR rate was 60% (95% CI: 16%-97%). The overall poor prognosis rate of patients with C. auris isolation was 43% (95%CI: 23%-64%). The in-hospital mortality rate was 24% (95% CI: 12%-38%), while the rate of clinical deterioration at discharge was 23% (95% CI: 5%-46%). No significant publication bias was observed in this study.

CONCLUSION: Fluconazole is not an appropriate choice for treating C. auris strains in mainland China, while echinocandins should be the primary treatment option. Amphotericin B should be administered cautiously based on antifungal susceptibility testing. The pooled MDR rate was relatively high. Patients with C. auris colonization or infection exhibit variable clinical outcomes. Clinical practice should prioritize routine laboratory antifungal susceptibility surveillance, standardized hospital infection control measures, and targeted interventions to improve patient clinical outcomes."
Hybridization capture increases on-target nanopore sequencing of plant RNA tobamovirus- derived cDNA libraries.,Espindola AS; Mosquera-Yuqui F; Ochoa-Corona F; Marek S,Front Microbiol,2026-08-31,10.3389/fmicb.2026.1925769,42741358,PMC13572650,Antimicrobial Resistance; Long-Read Microbiology,pubmed,False,"High-throughput sequencing (HTS) can support plant virus surveillance, but host nucleic acids often reduce on-target read recovery. We evaluated a targeted hybridization-capture workflow in which barcoded double-stranded cDNA (ds-cDNA) libraries generated from plant RNA extracts spiked with lyophilized tobamovirus-positive controls were enriched before Oxford Nanopore sequencing. Biotinylated probes targeted conserved regions of cucumber green mottle mosaic virus (CGMMV), species Tobamovirus viridimaculae; pepper mild mottle virus (PMMoV), species Tobamovirus capsici; and tobacco mosaic virus (TMV), species Tobamovirus tabaci. Across four pairs per virus, relative target-read abundance increased after capture from 0.76 ± 0.33% to 37.62 ± 15.72% for CGMMV, 8.16 ± 3.86% to 24.68 ± 12.34% for PMMoV, and 15.62 ± 10.40% to 36.83 ± 30.33% for TMV. Exact two-sided Wilcoxon signed-rank tests yielded P = 0.125 for each virus; with four nonzero differences in a common direction, this was the minimum attainable two-sided P value. Genome-coverage breadth was maintained. Retrospective duplex qPCR supported an increased virus-to-18S ratio for CGMMV, showed a variable PMMoV response, and showed a decreased virus-to-18S ratio for TMV because the 18S signal shifted earlier by as much as or more than the TMV signal. The findings provide proof-of-concept evidence for target-dependent library enrichment but do not establish analytical sensitivity, diagnostic performance, or field validity. Validation with naturally infected, low-titer, and mixed-infection samples and comparison with simpler targeted workflows are required."
Prescribed burns drive lasting changes in soil nitrogen cycling and microbial function.,Benot AO; Waldschmidt G; Gilvarg SC; Legge EOL; Okyere IJ; Tiyapun C; Lucas SK; Vander Yacht AL; Goff JL,mSystems,2026-09-21,10.1128/msystems.00852-26,42765765,,Metagenomics,pubmed,False,"Fire is a major pulse disturbance to soil microbial communities, with broad implications for nutrient cycling; however, regular burning is also a natural and often-essential process maintaining biodiversity in unique and imperiled fire-dependent ecosystems. Prescribed fire is widely used to promote this biodiversity and simultaneously reduce wildfire risk. Although such repeated burning is known to alter surface biodiversity, belowground soil geochemistry, and soil microbial community structure, the functional consequences (i.e., the metabolic capabilities that underlie the ecosystem services soil microorganisms provide) remain underexplored. Here, we examined the effects of 30 years of repeated prescribed fire at the Albany Pine Bush-a fire-dependent, inland pitch pine barren ecosystem of the northeastern United States. Compared with the control stands, we observed that this long-term fire management has led to substantial depletion of inorganic soil nitrogen, specifically nitrate. We found no meaningful differences in the higher-level taxonomic composition of soil prokaryotic or fungal communities; however, analysis of metagenome-assembled genomes assembled from these soils revealed several differentially abundant populations. Furthermore, our metagenomic analysis revealed significant changes in the nitrogen-cycling functional potential, specifically decreased dissimilatory nitrate reduction and denitrification potential in repeatedly burned soils. These functional shifts have important implications for both nutrient cycling and emissions of trace nitrogen gases from these soils. Our results suggest that functionally meaningful changes in the soil microbiome can persist between burn events, even when higher-order community membership appears stable. This may imply that repeated fire can deplete reactive nitrogen emissions from soils by lowering the functional capacity of nitrogen-reducing microbes.IMPORTANCEPrescribed fire is widely used by land managers to reduce wildfire risk and promote biodiversity. While the effects of fire on aboveground processes are well understood, much less is known about how repeated burning influences soil biological properties-including the functional role that soil microorganisms play in nutrient cycling and greenhouse gas production. We addressed this gap by studying soils from the Albany Pine Bush, a rare and endangered ecosystem that has experienced regular prescribed fires for 30 years. Long-term fire management significantly altered soil chemistry, specifically lowering the amount of nitrogen in the soil. In addition, we found that fire management decreased the genetic potential of the soil microbial community to produce nitrogen oxides-potent contributors to climate change. Thus, prescribed fire's contribution to greenhouse gas emissions may involve a complex relationship between direct fire-driven emissions, increased fire resilience of promoted vegetation, and-as suggested by our results-the reduced ability of soil microbes to produce greenhouse gases."
Blood mNGS-Detected Epstein-Barr Virus in ICU Patients with Pneumonia: Associations with Disease Severity Markers and Inflammatory Burden.,Wang X; Hu WP; Wu YX; Hua JL; Cheng ZX; Wang X; Liu L; Zhang J,Infect Drug Resist,2026-09-14,10.2147/IDR.S596241,42761643,PMC13588131,Metagenomics,pubmed,False,"BACKGROUND: Epstein-Barr virus (EBV) is frequently detected in critically ill patients, but the clinical meaning of EBV reported by blood metagenomic next-generation sequencing (mNGS) in ICU patients with pneumonia remains unclear.

METHODS: This retrospective secondary analysis used data from a prospective multicenter cohort of patients with suspected sepsis. Data included demographics, clinical variables, radiological findings, blood culture and mNGS results, cytokine levels, and 30-day mortality.

RESULTS: A total of 184 ICU patients with pneumonia were included and classified as EBV-positive (n=34) or EBV-negative (n=150) according to blood mNGS. EBV-positive patients had lower serum albumin and systolic blood pressure, higher qSOFA score distribution, more frequent sepsis at enrollment, higher C-reactive protein and procalcitonin levels, higher PaCO2, and lower serum calcium. Pneumocystis jirovecii was numerically more frequent in EBV-positive patients but was not independently associated with EBV positivity after adjustment. In exploratory cytokine analysis, EBV-positive patients showed higher TRAIL levels and more frequent IL-17 detection. In an exploratory multivariable model, lower serum albumin and sepsis at enrollment remained associated with EBV positivity. 30-day mortality did not differ significantly between groups.

CONCLUSION: In ICU patients with pneumonia, blood mNGS-detected EBV was associated with markers of disease severity and inflammatory burden. However, these associations do not establish clinically significant EBV reactivation, and no statistically significant difference in 30-day mortality was observed between groups."
Electron acceptor-dependent duality of nitrous oxide metabolism in Thiobacillus during sulfur autotrophic denitrification.,Zhou M; Yasuda S; Miura H; Xu T; Kuroiwa M; Xu X; Terada A,Front Microbiol,2026-09-04,10.3389/fmicb.2026.1903473,42761071,PMC13585965,Metagenomics,pubmed,False,"Sulfur-driven autotrophic denitrification (SADN) is a promising biotechnology for nitrogen removal from low-carbon wastewater; however, nitrous oxide (N2O) emissions remain a significant environmental concern. This study systematically investigated the effects of different nitrogen oxide electron acceptors on denitrification performance, microbial community succession, distribution of the N2O reductase gene nosZ clade, and the ecological functions of Thiobacillus using sequential enrichment cultivation. Among the tested conditions, the nitrate (  NO 3 -   )-fed system achieved the highest denitrification and sulfur oxidation rates, with the lowest net N2O accumulation, whereas the nitrite (  NO 2 -   )-fed condition led to severe N2O accumulation due to an imbalance between N2O production and reduction. High-throughput sequencing and quantitative PCR analyses revealed that Thiobacillus became the primary sulfur-oxidizing denitrifier in the presence of  NO 3 -   ,  NO 2 -   , and nitric oxide, accompanied by substantial enrichment of nirS and clade I nosZ genes. In contrast, N2O-fed conditions promoted a more functionally diverse community enriched with clade II nosZ bacteria, including Azonexus and Dechloromonas. Metagenomic analyses recovered three distinct Thiobacillus metagenome-assembled genomes (MAGs 10, 11, and 25), each with distinct denitrification and sulfur oxidation capacities. MAG 10 contains genes for complete sulfur oxidation and denitrification, including clade I nosZ and nirS genes. Conversely, the nosZ gene was not detected in MAG 11, whereas the norB/norC genes were present, indicating their potential role as an N2O producer. MAG 25 exhibits N2O-responsive functional enrichment upon N2O feeding, reflecting a specialized ecological strategy centered on sulfur oxidation coupled with N2O reduction. Overall, these findings show that electron acceptors play a key role in shaping microbial succession, nosZ clade distribution, and the dual roles of Thiobacillus in N2O cycling depending on conditions. This study provides new insights into microbial ecology and offers potential strategies for mitigating N2O emissions in SADN processes."
Evaluating metagenomic sequencing as a stool-based diagnostic in children with presumptive TB in Uganda.,Agudelo C; Nsereko M; Ainebyona A; Andama A; Castro R; Leung SRM; Nakafeero J; Nannyonga G; Nolan K; Teran L; Wambi P; Young MG; Kato-Maeda M; Cattamanchi A; Jaganath D; Wobudeya E; Wolf AR,Clin Infect Dis,2026-09-18,10.1093/cid/ciag573,42758039,,Metagenomics,pubmed,False,"BACKGROUND: Stool-based molecular tests provide noninvasive options for pediatric tuberculosis (TB) diagnosis, but have lower sensitivity compared to sputum-based tests. Untargeted metagenomic sequencing (mNGS) on stool could improve sensitivity and identify new gene targets for molecular testing.

METHODS: We performed shotgun mNGS on DNA isolated from stool samples of children undergoing assessment for pulmonary TB in Uganda. We defined the performance of mNGS to identify Mycobacterium tuberculosis (Mtb) against a microbiological reference standard (MRS, TB if sputum Xpert Ultra or culture positive) and a composite reference standard (TB if confirmed or unconfirmed TB). We also compared accuracy of mNGS against stool-based Xpert Ultra. Finally, we identified enriched genomic loci among Mtb classified reads.

RESULTS: We analyzed 176 stool samples of children with a median age of 3.6 years (IQR, 1-6 years). Against the MRS, the sensitivities of mNGS with positive TB defined as ≥ 1, 2, or 5 sequence fragments were 35.5% (95% CI 19%-55%), 25.7% (12%-45%), and 19.4% (13%-25%) respectively, and specificities 92.64% (87%-96%), 97% (93%-99%), and 99.3% (96%-100%). Stool Xpert Ultra had similar sensitivity (22.6%) to stool mNGS considering all samples tested. In a head-to-head comparison, stool mNGS had lower sensitivity than stool Xpert Ultra (38.5% vs. 53.8%, difference -15.3%, 95% CI 14-68 to 25-81). mNGS utilized rRNA, virulence proteins and membrane proteins not targeted in current PCR-based platforms.

CONCLUSIONS: Metagenomic sequencing of stool DNA did not increase sensitivity of TB detection, but identified novel targets for molecular testing that may support development of more sensitive tests."
Multi-omics analyses unveil gut microbiota and metabolites signatures in deoxycholic acid-associated intestinal inflammation.,Zhang G; Huang Y; Gong Z; Xu C; Ding X; Cai W; Wu J,Front Microbiol,2026-09-03,10.3389/fmicb.2026.1917982,42756064,PMC13582423,Metagenomics,pubmed,False,"OBJECTIVE: High-fat diet (HFD) is closely related to the increased incidence of inflammatory bowel disease (IBD), and excessive fecal deoxycholic acid (DCA) induced by HFD makes significant contribution to the colonic inflammation. However, the precise mechanisms remain unclear. This study aims to explore the association between DCA-induced alteration of gut microbiota as well as related metabolites and intestinal inflammation.

METHODS: Wild-type C57BL/6 J mice were orally administrated with or without 0.2% DCA for 12 weeks, then the alteration of gut microbiota signature and fecal metabolites were analyzed by metagenomic sequencing and widely-targeted metabolomics, respectively. The colonic tissue injury was confirmed by histopathological analysis and pro-inflammatory cytokines production was determined by qPCR and ELISA.

RESULTS: DCA administration induced gut microbiota dysbiosis and fecal metabolomic profile disturbance, accompanied with significantly increased expression of pro-inflammatory cytokines in intestine, including TNF-α, IL-6 and IL-1β, and obvious tissue damage. Specifically, α-diversity of gut microbiota was greatly reduced by excessive DCA, and abundance analysis together with linear discriminant analysis of effect size (LEfSe) identified Bacteroides and Desulfovibrio as potential biomarkers of DCA exposure. Excessive DCA significantly decreased the abundance of Eubacterium plexicaudatum, bacterium 1xD42-87 and Ruminococcus flavefaciens, which were positively correlated with the downregulation of multiple metabolites reported to possess anti-inflammatory activities, especially indoles, vitamin D3 and alpha-CEHC. Meanwhile, DCA administration dramatically increased the abundance of Parabacteroides distasonis and Bacteroide acidifacien, which were positively correlated with the upregulation of metabolites reported to have pro-inflammatory properties, including multiple bile acid metabolites such as chenodeoxycholic acid, glycochenodeoxycholic acid and lithocholic acid. Spearman correlation analysis emphasized the important effects of aforementioned microbiota and metabolites in the association between DCA and intestinal inflammation.

CONCLUSION: Our study revealed that excessive DCA led to concurrent alterations of gut microbiota and metabolites, which exhibited significant correlations with intestinal inflammation, suggesting a potential indirect regulatory pathway that may involve gut microbiota. Targeting DCA-related gut microbiota or metabolites might represent a promising intervention for HFD-associated colonic inflammation."
"Genomic safety, bacteriocinogenic potential, and probiotic-associated traits of Enterococcus lactis LBM-M3D isolated from the swine gastrointestinal tract.",Sanca FMM; Matajira CEC; Bermúdez-Puga S; Kuniyoshi TM; de Medeiros Oliveira M; Blanco IR; Knirsch MC; Domínguez JM; Moreno AM; de Mello Varani A; de Souza Oliveira RP,Front Microbiol,2026-09-03,10.3389/fmicb.2026.1920982,42755927,PMC13582303,Antimicrobial Resistance; Metagenomics,pubmed,False,"Swine production is vital for global food security; however, its sustainability is threatened by the overuse of antibiotics, which contributes to the emergence and dissemination of multidrug-resistant pathogens. Probiotics and bacteriocin-producing bacteria are promising strategies to support animal health and reduce antibiotic dependence. In this study, Enterococcus lactis LBM-M3D, isolated from the porcine gastrointestinal tract, was evaluated for in vitro antimicrobial activity, tolerance to simulated gastrointestinal conditions, genomic safety features, and bacteriocinogenic potential. The strain inhibited several Gram-positive swine-associated pathogens, including Streptococcus suis, Staphylococcus hyicus, Listeria monocytogenes, and Enterococcus faecalis. In addition, LBM-M3D remained viable under simulated gastrointestinal stress conditions, including exposure to pH 3.0 and 0.5% bile salts. Whole-genome sequencing identified four bacteriocin-like sequences, corresponding to enterolysin A, mundticin ATO6, enterocin SE-K4, and enterocin P. No acquired antimicrobial resistance genes were detected in plasmid-associated regions, whereas resistance- and virulence-associated determinants were exclusively chromosomally encoded. Although E. lactis is not currently included in the EFSA Qualified Presumption of Safety (QPS) list due to limited species-level safety data, our genomic analyses provide strain-level evidence supporting the safety of LBM-M3D. Overall, these findings indicate that LBM-M3D possesses probiotic-associated characteristics and represents a promising candidate for further probiotic development in swine production, pending additional functional validation, with potential applications in sustainable livestock systems."
Structural and mechanistic insights into protective non-neutralizing antibodies targeting Crimean-Congo hemorrhagic fever virus nucleocapsid protein.,Moresco V; Garrison AR; Edmundo CA; Fitzpatrick CJ; Karaaslan E; Olschner SP; Ricks KM; Ogundare OT; Tadri L; Carey BD; Sajadi MM; Bergeron É; Golden JW; Pegan SD,Nat Commun,2026-08-21,10.1038/s41467-026-76702-1,42754559,PMC13586249,Metagenomics,pubmed,False,"Crimean-Congo Hemorrhagic Fever Virus (CCHFV) is a tick-borne virus endemic to Africa, Asia, and expanding regions within Europe. With mortality rates approaching 40%, rising incidence, and no currently approved countermeasures, CCHFV is recognized as a priority public health threat. CCHFV nucleocapsid protein (NP) has long been a key target for diagnostics. Recently, NP-specific humoral responses have also been correlated with protection conferred by protective vaccines candidates. Additionally, the first non-neutralizing monoclonal antibody (mAb) 9D5 demonstrated protective efficacy against CCHFV challenge, underscoring NP as a viable antiviral target. Here, nine anti-NP mAb were utilized to identify four antigenic sites on NP as well as localize these sites to the head or stalk domains. These mAb also revealed variable levels of in vivo protection, independent from whether the epitope site is located in the head or stalk regions. Additionally, three X-ray crystallography structures were obtained that included CCHFV NP from strain Afg09-2990 in complex with the most potent mAb (9D5). This, along with additional structures of two unbound NPs, revealed structural elements critical for mAb-9D5 broad-spectrum protective characteristics. These findings provide a path towards the rapid identification of broadly protective anti-NP mAb countermeasures."
Nanopore sequencing in infectious disease diagnostics and surveillance.,Somayaji A; Mukherjee P; Koch C; Prazeres da Costa C; Hamway Y,J Clin Microbiol,2026-09-17,10.1128/jcm.00083-26,42752209,,Antimicrobial Resistance; Long-Read Microbiology; Metagenomics; Bioinformatics Tools,pubmed,False,"The global burden of infectious disease is on the rise, driven by antibiotic resistance, emerging pathogens, and gaps in accessible, decentralized diagnostics. To address these demands, there is a need for the development of diagnostic platforms for detection, surveillance, or monitoring assays with quick turnaround times. Oxford Nanopore sequencing, a platform for real-time long-read third-generation sequencing, has emerged as a promising tool in this space, with the ability to detect a wide range of molecular targets, including DNA, RNA, proteins, and base modifications. Its unique advantages, including portability, scalability, and the capacity for culture-independent workflows, combined with the depth of sequencing data produced, make it especially well-suited for infectious disease diagnostics and surveillance in both clinical and field settings. In this review, we aim to critically examine recent advances in the application of nanopore sequencing for diagnosing infectious diseases caused by bacterial, viral, fungal, and parasitic agents, as well as for detecting antimicrobial resistance genes. We also compare its potential advantages over conventional diagnostic methods and explore its expanding role in tracking outbreaks, monitoring pathogens in the environment, and detecting spillover events from animals to humans. Together, these applications highlight the relevance and position of this novel technology as a tool of choice for translational medical research and clinicians in the fight against infectious diseases and for global health preparedness."
Environmental Gradients as a Dominant Force in the Macroevolution of a Host-Associated Marine Bacterium.,Huang Y; Feng X; Hu X; Sun Y; Song Z; Xie M; Liao T; Liu X; Lv X; Liu R; Liu Q; Voolstra CR; Luo H,ISME J,2026-09-16,10.1093/ismejo/wrag244,42747396,,Metagenomics,pubmed,False,"Natural selection is imposed by both abiotic environmental filtering and biotic interactions, yet their relative roles in shaping the deep phylogeny of widespread, generalist host-associated bacteria remain unclear. Here, we integrate large-scale phylogenomics, environmental sequencing, functional genomics, and global metagenomic analysis to demonstrate that tidal zonation overrides host association as the dominant macroevolutionary force structuring the marine bacterial genus Ruegeria. Analysis of 533 genomes and 74 global coastal metagenomes reveals that the intertidal-subtidal boundary structures the deepest phylogenetic splits, driving the repeated evolution of distinct ecotypes through independent zonation transitions across global coastlines. These ecotypes possess divergent genomic toolkits: intertidal strains are enriched for genes coding for stress resistance and anaerobic metabolism, whereas subtidal strains specialize in high-affinity nutrient scavenging. Our findings establish that predictable physicochemical gradients act as filters that generate foundational diversity from which specialized host symbionts subsequently emerge, reframing how environmental gradients shape microbial evolution at the eco-evolutionary interface."
Perseus: Lineage-Aware Refinement of Kraken2 Taxonomic Classification for Long Read Metagenomes.,Nguyen MH; Schatz MC,Bioinformatics,2026-09-16,10.1093/bioinformatics/btag687,42747298,,Long-Read Microbiology; Metagenomics,pubmed,False,"MOTIVATION: Long-read metagenomic sequencing improves assembly contiguity and enables genome-resolved analysis of complex microbial communities, but accurate taxonomic classification of long reads and assembled contigs remains challenging. Highly scalable k-mer-based classifiers such as Kraken2 frequently over-assign fine-rank taxonomic labels when applied to long-read data, producing high false positive classification rates driven by sparse or localized k-mer matches, particularly in microbiomes with extensive taxonomic novelty.

RESULTS: We present Perseus, a lineage-aware confidence estimation framework for taxonomic classification that models the spatial distribution and hierarchical consistency of k-mer evidence along sequences. This formulation reframes taxonomic classification as a hierarchical confidence estimation problem rather than a single-rank prediction task. Perseus refines k-mer-level taxonomic signals from Kraken2 using a multi-headed convolutional neural network that estimates calibrated confidence scores for taxonomic correctness at each canonical rank. Using these estimates, Perseus confirms assignments, backs off to higher taxonomic ranks, or abstains when evidence is insufficient, prioritizing correctness and lineage consistency over overly specific assignments. Across simulations of taxonomic novelty and real-world metagenomic datasets, Perseus consistently and substantially reduces the false assignment rate while improving precision and lineage-consistent accuracy. These improvements are most pronounced for long reads and assembled contigs, where spatial context enables reliable discrimination between consistent taxonomic signal and spurious matches.

AVAILABILITY AND IMPLEMENTATION: Perseus integrates with existing Kraken2 workflows and is available at https://github.com/matnguyen/perseus."
The association between neonatal respiratory distress syndrome and gut microbiota dysbiosis: evidence from metagenomics.,Liu F; Luo J; Feng L; Xia Y; Chen X; Xu Y; Liu Y,Front Microbiol,2026-09-01,10.3389/fmicb.2026.1925400,42746483,PMC13576262,Metagenomics; Bioinformatics Tools,pubmed,False,"OBJECTIVE: Neonatal respiratory distress syndrome (NRDS) is a common and life-threatening respiratory disorder that affects newborns, significantly impacting their health and survival rates. In recent years, the potential role of the gut-lung axis in NRDS has garnered increasing attention; however, the specific mechanisms involved remain unclear. This study aimed to investigate the association between NRDS and gut microbial composition and functional profiles using shotgun metagenomic sequencing.

METHODS: This case-control study recruited 25 infants diagnosed with NRDS and 15 healthy newborns, all aged between 2 and 6 days. Fecal samples were collected from all participants for subsequent metagenomic sequencing and bioinformatics analysis.

RESULTS: There was no significant difference in α-diversity between the NRDS group and the control (CON) group (p = 0.3335). However, β-diversity exhibited a significant difference (p = 0.001). In the NRDS group, the gut microbiota was enriched with Bacillota, Klebsiella, and Enterococcus, while Bifidobacterium and butyrate metabolism-related bacteria (Bacteroides/Butyricicoccus) were significantly reduced (p < 0.05). Functional analysis indicated that Staphylococcus aureus infection and the Phosphotransferase system (PTS) pathway were enriched in the NRDS group, whereas Butanoate metabolism and Glutathione metabolism were significantly enriched in the CON group. A 10-species classifier achieved 96% AUC for NRDS prediction.

CONCLUSION: NRDS was associated with differences in gut microbial composition and shotgun-metagenomic functional profiles. These preliminary findings characterize group-level microbial differences but do not establish whether the observed alterations preceded or resulted from NRDS. Longitudinal studies are required to clarify their temporal relationship and clinical relevance."
"Microbial diversity, antimicrobial resistance and zoonotic implications of the reptile gut microbiota: an updated review.",Kong D; Zhang Y; Li Z; Chen L; Nie J; Jiang X; Cao H; Ma Y,Front Microbiol,2026-09-01,10.3389/fmicb.2026.1913228,42746048,PMC13575676,Antimicrobial Resistance; Metagenomics,pubmed,False,"The reptilian gastrointestinal tract harbors a complex and dynamic ecosystem of microorganisms that plays a fundamental and multifaceted role in host nutrition, immune function, and overall physiological homeostasis. This gut microbiome exhibited remarkable phylogenetic and functional diversity, intricately shaped by a confluence of host evolutionary history, dietary strategy, environmental context, captive status, and life history traits. Beyond its critical importance for reptilian health and fitness, this internal microbial reservoir is of significant and growing concern from a public health perspective, serving as a major source of zoonotic pathogens, most notably non-typhoidal Salmonella, and as a critical and underexplored hotspot for the emergence, amplification, and dissemination of antimicrobial resistance genes (ARGs), a dimension that forms the central theme of this review and is systematically examined across host ecology, captive management, and the global pet trade continuum. This comprehensive review synthesizes contemporary research on the gut microbiota across key reptilian taxa, including popular companion species such as lizards such as Eublepharis macularius and Tiliqua scincoides, snakes such as Pantherophis guttatus, Python regius and chelonians. We undertake a detailed analysis of the foundational drivers shaping microbial community structure, assembly and stability, exploring the delicate balance between core symbiotic residents, putatively beneficial probiotic candidates, and pathogenic entities. A critical and extensive focus is placed on the distribution, ecological drivers, and transmission pathways of antimicrobial resistance genes within this ecosystem, highlighting its underappreciated role in the global One Health continuum. The review further elaborates on the indispensable metabolic contributions of the microbiota to host fitness, the complex tripartite interactions involving host, microbiome and parasitic helminths or protozoa, and the implications of dysbiosis. Finally, we evaluated practical and emerging strategies for targeted microbiome modulation aimed at enhancing captive management, supporting conservation breeding outcomes, mitigating zoonotic risks and promoting sustainable herpetoculture."
Impact of Chamaecrista rotundifolia cover cropping on soil elemental cycling in karst agroecosystems.,Yue Z; Sheng S; Peng L; Xu W; Zhang J; Wu D; Liu B; Li Q; Dong R; Cheng H; Zou Y,Front Microbiol,2026-09-01,10.3389/fmicb.2026.1906173,42745851,PMC13574786,Metagenomics,pubmed,False,"Karst desertification causes severe soil erosion, hydrological imbalance, and biodiversity loss, thereby threatening ecosystem resilience and agricultural productivity. Soil carbon (C), nitrogen (N), phosphorus (P), and sulfur (S) cycling underpin ecosystem stability, yet how agricultural management practices regulate multi-element cycling in degraded karst agroecosystems remains poorly understood. Here, we conducted a four-year field trial in a karst mango orchard in southwestern China and integrated metagenomic sequencing with comprehensive soil environmental profiling to investigate how C. rotundifolia cover cropping reshapes soil elemental cycling. Compared with conventional tillage (CK), C. rotundifolia cover cropping (Y) significantly (p < 0.05) altered topsoil microbial functional profiles and nutrient availability. Carbon cycling potentials, including gene associated with aerobic respiration (cox1/3), fermentation, and CO₂ assimilation-were enriched under C. rotundifolia cover cropping. Nitrogen cycling potentials were enhanced through increased representation of genes involved in denitrification (nirK/S, nosZ), nitrogen acquisition, and nitrate reduction (nirA, narB), while phosphorus cycling was promoted through enrichment of the PhoR-PhoB phosphate regulatory system. Sulfur transformation potentials were also altered, with increased representation of genes involved in sulfate reduction, oxidation, and sulfonate utilization. Cover cropping substantially improved soil fertility, increasing SOC (+35.4%), NH4 +-N (+31.8%), TN (+35.1%), and AP (+105.9%), while reducing exchangeable Al3+ concentration by 60.9%. Microbial community restructuring was characterized by decreased Actinobacteriota and Chloroflexota and increased Bacteroidota and Proteobacteria, which exhibited central roles in elemental cycling networks. Mantel analyses identified exchangeable Al3+ as a dominant environmental constraint shaping microbial communities involved in C, N, P, and S cycling. Collectively, these findings demonstrate that C. rotundifolia cover cropping enhances karst soil resilience through a coupled microbial-geochemical pathway, in which improved soil chemical conditions and microbial functional reorganization jointly restore elemental cycling capacity."
Symbiotic interactions and climate change implications of the octocoral microbiome.,Keller-Costa T; Tignat-Perrier R; Marques M; Ferrier-Pagès C; Pogoreutz C,ISME J,2026-09-15,10.1093/ismejo/wrag246,42742264,,Metagenomics,pubmed,False,"Octocorals are vital components of tropical, temperate, and cold-water benthic marine ecosystems. Their associated microbiomes, comprising microeukaryotes, prokaryotes, and viruses, are increasingly recognised as central to host health, nutrient cycling, and chemical defence. Metagenomics and amplicon sequencing have uncovered taxonomic and functional complexity within these microbial communities, revealing patterns of host specificity and health status, along with seasonality and geographic structuring. However, anthropogenic stressors, particularly those associated with global climate change, exert intense pressure on coral-dominated ecosystems, leading to complex and poorly understood local and regional patterns of octocoral expansion and mortality. Microbial interactions may be a main driver of these contrasting outcomes by mediating the ecological resilience of octocorals to environmental stress. We synthesise the current state of research on the diversity, organisation, and function of the octocoral microbiome, and identify critical knowledge gaps on octocoral holobionts relative to scleractinian corals. Our meta-analysis of 79 publicly available bacterial genomes from octocorals reveals group-specific specialisation in denitrification and nitrate assimilation, along with widespread capacities for essential amino acid, cofactor, and vitamin production, suggesting important contributions to nutrient cycling in the holobiont. While sampling efforts between cultured and uncultured lineages are even, our genomic survey reveals strong sampling bias toward the Atlantic Ocean, temperate gorgonians, and healthy host states, whereas bacterial genomes representing the pathobiome, tropical and/or deep-sea regions, and other octocoral taxa remain underrepresented. Accordingly, we propose future research directions to advance understanding of octocoral microbiome ecology and its role in the resilience of tropical, temperate and cold-water coral reefs."
The canine gut microbiome as a translational model for human health and aging.,Boldogkői Z; Tombácz D,mBio,2026-09-15,10.1128/mbio.01951-26,42742206,,Long-Read Microbiology; Metagenomics,pubmed,False,"The domestic dog is increasingly recognized as a complementary translational model for microbiome research relevant to human health while also offering direct benefits for veterinary medicine. Dogs share environments and dietary exposures with humans and show substantial taxonomic and gene-content similarity to the human gut microbiome, although the apparent degree of similarity depends strongly on whether read recruitment, gene-catalog overlap, or functional overlap is assessed. Dogs also develop spontaneous chronic enteropathies, obesity-associated metabolic dysfunction, cancers, cognitive dysfunction, and behavioral disorders in which gut microbial changes can be examined under clinically realistic conditions. Their shorter, breed- and body-size-dependent lifespan permits repeated sampling across development, aging, disease progression, and treatment within practical timeframes. Breed structure, full-sibling cohorts, controlled dietary interventions, and access to clinically indicated samples from multiple anatomical compartments can strengthen selected study designs, although they do not provide the tighter genetic, environmental, and microbial control achievable in rodents. Here, we evaluate the research questions for which canine cohorts are especially informative, synthesize evidence linking canine and human disease-associated microbiomes, and critically assess aging, causal inference, and One Health applications. Major limitations include the need for breed and body-size stratification, heterogeneous diet and husbandry, incomplete treatment histories, the lack of routinely available gnotobiotic canine systems, and gaps in canine-specific reference resources. The canine system is therefore most informative when study designs exploit its clinical realism while acknowledging the tighter experimental control offered by reductionist models, positioning the dog as a complementary rather than a universally superior model."
Multi-omics reveals the associations between cecal candidate bacteria and muscle fatty acid composition variations in Daheng and Luning chickens.,Zhaxi D; Yu C; Wang J; Yang D; Wang Z; Yang W; Zhang Y; Yang C; Li Z,Front Microbiol,2026-08-31,10.3389/fmicb.2026.1907226,42741071,PMC13572627,Metagenomics,pubmed,False,"INTRODUCTION: Accumulating evidence underscores the profound impact of the gastrointestinal ecosystem on skeletal muscle lipid dynamics.

METHODS: This study was designed to investigate the systemic associations connecting the gut microbiota, intermediate metabolomes, and intramuscular fatty acid (FA) deposition in chicken.

RESULTS: Phenotypic and lipophilic profiling revealed distinct FA compositions between Daheng chickens (DHC) and Luning chickens (LNC), with DHC exhibiting significantly higher concentrations of 26 distinct FAs including flavor-precursor MUFAs (C18:1n9c) and functional omega-3 (n-3) PUFAs (C20:5n3 and C22:5n3) within the leg muscle. High-throughput metagenomic sequencing subsequently identified positive correlations between dominant cecal bacterial taxa and these specific muscle FAs. Concurrently, multi-compartment metabolomics mapped a spectrum of differential metabolites spanning the cecum, serum, and leg muscle, which were fundamentally enriched in the ""cysteine and methionine metabolism"" and ""pantothenate and CoA biosynthesis"" pathways. Through an integrative multi-omics framework paired with statistical mediation modeling, we identified a candidate functional axis: the Agathobaculum-Collinsella-Enorma consortium strongly co-varies with muscle FA deposition, a process bridged by key intermediate nodes including Pyruvic acid, S-adenosylmethionine, and Spermine.

CONCLUSION: Collectively, these findings suggest that the gut microbiota is closely coupled with muscle lipid composition via a structured gut-metabolite-muscle axis, offering candidate microbial markers for precision management of meat quality in poultry production."
"Population genomics, demography, and circum-Baltic connectivity of Early Medieval southwestern Finland.",O'Sullivan RJ; Nordfors U; Saari NJ; Majander K; Taavitsainen JP; Salo K; Rohrlach AB; Salmela E; Lamnidis TC; Traverso L; Krause J; Peltola S; Onkamo P,Genome Biol,2026-09-15,10.1186/s13059-026-04277-7,42736576,PMC13576218,Metagenomics,pubmed,False,"BACKGROUND: Knowledge of Early Medieval Finland (1050-1250 CE) relies primarily on archaeological evidence, as contemporary sources are scarce. The available evidence indicates two distinct cultural-economic zones: coastal and inland. Using newly generated genomic data from 34 ancient individuals alongside modern Finnish genomes, we characterise Late Iron Age and Early Medieval ancestry in southwestern Finland, reconstruct demographic patterns, and place individuals within a circum-Baltic relatedness network.

RESULTS: Early Medieval ancestry in inland southwestern Finland was very similar to that of present-day inhabitants. Ancient coastal and inland individuals were genetically indistinguishable, whereas modern coastal populations showed substantially more Scandinavian ancestry, and less Baltic ancestry compared to their ancient counterparts. IBD (identity-by-descent) analyses also indicate a major genetic shift in the coastal zone since the Early Medieval Period. Effective population size increased throughout the study period and was ~ 13,000 by 1250 CE. IBD links between Scandinavia and Early Medieval Finland align with known archaeological connections. Furthermore, we identify IBD links between individuals from Early Medieval Finland and victims of the Kronan warship sinking.

CONCLUSIONS: We demonstrate nearly a millenium of population continuity in the inland zone of southwestern Finland, contrasted by a large, contemporaneous genetic shift in the coastal zone. This ancestry shift corresponds with documented medieval emigration from Sweden to Finland. The regional population rapidly expanded during this time period, likely due to new agricultural practices and favourable climatic conditions. Our circum-Baltic IBD network indicates that southwestern Finland was firmly embedded into the wider, pre-modern Baltic world."
Taxonomic identification and characterization of Leptospira from retrospective clinical samples in the Philippines,"Realingo, A. M. L.; Manalo, J. I. G.; Dancel, L. L. M.; Alvarado-Dela Cruz, K.; Digman, A. N. A.; Roxas, C. B. A.; Argana, D. D.; Baterna, R. A.; Medina, E. J. G.; Nicolasora, A. D.; Dizon, T. J. R.; Polotan, F. G. M.; Larano, A. A. P.",Medrxiv (infectious diseases),2026-09-16,10.64898/2026.09.16.26363189,,,Metagenomics,medrxiv,True,"Leptospirosis is a highly endemic neglected tropical disease in the Philippines, where conventional diagnostic methods such as the microscopic agglutination test (MAT) provide limited information on circulating Leptospira and are affected by serological cross-reactivity. This study evaluated the utility of shotgun metagenomic next-generation sequencing (mNGS) for pathogen detection and species-level characterization using 20 archived serum-derived total nucleic acid extracts collected from suspected leptospirosis cases. Samples were previously tested by quantitative real-time PCR (qPCR) and MAT, and sequenced using the Illumina MiSeq platform. Host-derived reads were removed using BWA and SAMtools prior to taxonomic profiling with KrakenUniq. Species-level Leptospira assignments were retained based on predefined KrakenUniq filtering criteria, including a minimum taxReads threshold and evidence of taxon-specific unique k-mers. Leptospira taxReads were detected in 58.8% (n=10/17) of qPCR-positive samples. Notably, mNGS detected pathogenic Leptospira in 60% (n=6/10) qPCR-positive but MAT-negative samples, demonstrating its potential to complement conventional serology for etiological characterization. MAT reactivity was predominantly against L. biflexa serovar Patoc (n=4/5), with one sample reacting to L. interrogans serovar Autumnalis in the MAT-positive samples. Meanwhile, mNGS identified a predominance of L. interrogans, with additional detection of L. borgpetersenii and L. kirschneri. The absence of detectable Leptospira in some qPCR-positive samples underscores the sensitivity limitations of mNGS in low-burden or archived samples. Overall, mNGS provided species-level information beyond conventional diagnostics and supports its potential application in Leptospira genomic surveillance in the Philippines.

IMPACT STATEMENTLeptospirosis remains an important public health concern in the Philippines, but genomic information on human Leptospira infections is limited. Shotgun metagenomic sequencing provided species-level information beyond routine qPCR and MAT. Leptospira interrogans predominated, alongside other pathogenic species. These findings establish an initial genomic baseline for Leptospira in Philippine clinical specimens and support future surveillance of strain and serovar diversity and transmission."
Cost-Effectiveness of Sulbactam-durlobactam Compared with Colistin for Treating Carbapenem-Resistant Acinetobacter baumannii Infections in Critical Care Settings in the United States,"Ologunowa, A.; Caffrey, A.; Cohen, S.; Kogut, S.",Medrxiv (infectious diseases),2026-09-17,10.64898/2026.09.13.26362951,,,Antimicrobial Resistance,medrxiv,True,"ObjectiveCarbapenem-resistant Acinetobacter baumannii (CRAB) infections present a significant public health challenge in the United States due to multidrug resistance, substantial added inpatient costs, and subsequently high mortality rates.

MethodA decision-analytic model was developed to evaluate the cost-effectiveness of sulbactam-durlobactam compared to colistin for treating CRAB infections, using data from the Acinetobacter Treatment Trial Against Colistin (ATTACK) trial, in which patients received either sulbactam-durlobactam or colistin alongside imipenem-cilastatin. The model incorporated survival rates, clinical outcomes (complete or incomplete cure), and the incidence and costs of acute kidney injury, which is more frequent in colistin-treated patients. Deterministic sensitivity analysis and two scenario analyses were performed.

ResultsThe base case analysis estimated an expected per-patient cost of $57,887 for sulbactam-durlobactam compared to $55,157 for colistin. Patients treated with sulbactam-durlobactam had higher survival than those treated with colistin (0.66 versus 0.46), corresponding to 0.19 additional life saved per patient. The incremental cost-effectiveness ratio (ICER) for sulbactam-durlobactam compared with colistin was $14,097 per additional life saved. The ICER was most sensitive to the proportion of survivors with incomplete clinical cure for both treatments, the costs of sulbactam-durlobactam and cefiderocol, and survival outcomes in patients treated with sulbactam-durlobactam. Scenario analyses showed that the cost-effectiveness of sulbactam-durlobactam was sensitive to clinical cure outcomes, with ICERs ranging from $69,758 per additional life saved to dominance favoring sulbactam-durlobactam under different assumptions.

ConclusionsAlthough treatment costs were higher, sulbactam-durlobactam has a favorable cost-effectiveness profile as compared with colistin when accounting for the costs of managing acute kidney injury."
Microbiome Profiling Reveals Prognostic Heterogeneity in Staphylococcus aureus Pneumonia,"Kitsios, G.; Sy, M. A.; Bain, W. G.; Hensley, M.; Qin, S.; Wang, X.; Inman, K. W.; Dela Cruz, C.; Robinson, K.; Nouraie, S. M.; Shah, F. A.; Benos, P.; McVerry, B. J.; Morris, A.",Medrxiv (infectious diseases),2026-09-20,10.64898/2026.09.17.26363347,,,Metagenomics; Long-Read Microbiology,medrxiv,True,"Background: Staphylococcus aureus is a leading cause of severe pneumonia in mechanically ventilated patients. Clinical cultures identify pathogen presence but may not reflect lower respiratory tract microbial ecology. Whether culture-confirmed S. aureus pneumonia encompasses compositional heterogeneity with prognostic implications remains unknown. Methods: We performed 16S rRNA gene sequencing and shotgun nanopore metagenomics on endotracheal aspirate samples from mechanically ventilated patients with culture-confirmed S. aureus pneumonia in a prospective ICU registry. We quantified Staphylococcus abundance, assessed correlations with culture characteristics and host inflammatory biomarkers, and examined associations with 60-day mortality using Kaplan-Meier and Cox hazards analyses. Results: Among 109 patients, semi-quantitative culture growth and methicillin resistance showed no associations with outcomes. 16S sequencing (n=54) revealed marked heterogeneity in Staphylococcus relative abundance (range 0-96.7%), with only 33% demonstrating dominance (>50%). Dominance was associated with worse 60-day survival (50% vs. 80%,p=0.013) and remained independently predictive after adjusting for age, sex, and methicillin resistance (adjusted HR 3.24 [95%CI 1.12-9.36],p=0.030). Patients with dominance exhibited elevated pentraxin-3 (p=0.01) and reduced fractalkine (p=0.02). Nanopore metagenomics (n=28) validated these findings, with high absolute S. aureus read counts independently predicting mortality (adjusted HR 11.23 [95%CI 2.25-55.9],p=0.003). In an exploratory analysis of virulence genes (n=19), staphylokinase detection was associated with the hyperinflammatory phenotype (p=0.003) and mortality (p=0.046). Conclusions: Metagenomic profiling reveals clinically meaningful heterogeneity within culture-confirmed S. aureus pneumonia, masked by conventional diagnostics. Staphylococcus dominance identifies a high-risk phenotype with elevated bacterial burden, dysregulated host responses, and increased mortality, challenging the assumption that culture positivity represents a uniform clinical entity."
Bronchoalveolar Lavage Metagenomic Sequencing in the Early Post-Lung Transplantation Period: A Pilot Comparison with Microbiologic Culture,"Kitsios, G.; Sy, M. A.; Wang, X.; Craig, A.; Rizzo, A.; Francisco, J. R.; Qin, S.; Hensley, M.; Kramer, K. H.; Noda, K.; Benos, P.; Hage, C.; Sanchez, P.; Morris, A.; Haidar, G.; Snyder, M. E.",Medrxiv (infectious diseases),2026-09-20,10.64898/2026.09.17.26363318,,,Metagenomics; Long-Read Microbiology,medrxiv,True,"BACKGROUND: Conventional bronchoalveolar lavage (BAL) culture has limited sensitivity in lung transplant recipients due to universal antimicrobial prophylaxis and inability to detect non-culturable organisms. Metagenomic sequencing of BAL offers culture-independent pathogen identification, but concordance with conventional culture and clinical utility in the immediate post-transplant period have not been evaluated. METHODS: We prospectively enrolled 19 adult lung transplant recipients undergoing serial bronchoscopies during the immediate post-transplant period. BAL samples (n=33) were tested in parallel with conventional culture, microbial cell-free DNA (mcfDNA) sequencing (Karius Focus BAL; with quantitation determined by research analysis), and Oxford Nanopore sequencing using a unified three-tier organism classification framework. BAL host-response biomarkers were profiled concurrently. RESULTS: Karius reported Tier 1 pathogens in 19/33 episodes (58%) versus 8/33 by conventional culture (24%); organism-level concordance was low (Cohen's kappa 0.18). In 16 episodes where Karius reported a pathogen not recovered by culture, 8 across 3 participants represented predictive reports, defined as the same organism subsequently confirmed as causing invasive infection 2-46 days later, including fatal Pseudomonas pneumonia, Enterococcal surgical site infection, and Candidemia. Nanopore sequencing had low yield due to contaminating human DNA. Quantitative mcfDNA burden correlated positively with multiple alveolar inflammatory biomarkers including total protein, IL-6, and sST2. INTERPRETATION: BAL mcfDNA metagenomics identified clinically relevant pathogens not recovered by conventional culture, including predictive reports and non-culturable organisms. Quantitative mcfDNA signal correlated with alveolar inflammatory mediators, supporting the biological relevance of mcfDNA detection beyond conventional diagnostic classification and a role for metagenomic surveillance in the early post-transplant period."
